Model,gradient_variant,seed,SNRinp_target,SNRinp_measured,SINR,execution_time,n_sources,n_mixtures,n_samples,presumed_domain,SNR_1,SNR_2,SNR_3,SNR_4,SNR_5
PredictiveDecorrBSS,truncated,0,30.0,30.003921877920554,26.285504774215013,32.35046255693305,5,10,100000,sparse,27.90350693161974,28.155630010508123,26.44173740475688,25.94572044682467,24.191555037705662
PredictiveDecorrBSS,full,0,30.0,30.003921877920554,26.575564291485495,19.449635347002186,5,10,100000,sparse,27.91677352355045,28.19223466645535,26.616450697318513,27.17515793221756,24.217547129510244
PredictiveDecorrBSS,truncated,100,30.0,30.01013896108627,27.312790554472777,15.10172475897707,5,10,100000,sparse,29.30836440624963,26.5550854249709,27.025562217802577,27.172554736981667,26.993064925971648
PredictiveDecorrBSS,full,100,30.0,30.01013896108627,27.31675465643805,16.902788831968792,5,10,100000,sparse,29.311479515223752,26.560675310909488,27.02933287292783,27.177888073743695,26.99463842854321
PredictiveDecorrBSS,truncated,200,30.0,30.005513037743047,26.604116029934694,15.495877639041282,5,10,100000,sparse,24.11619647807912,28.717699556273214,26.81564755680331,28.532796070127127,26.573988530063332
