Model,seed,n_sources,n_mixtures,n_samples,presumed_domain,SINR,SNRinp_target,SNRinp_measured,execution_time,SNR_1,SNR_2,SNR_3,SNR_4,SNR_5
PredictiveDecorrBSS,0,5,7,100000,sparse,24.400973659473305,30.0,29.988357137097573,36.08014293100132,25.76693782646043,24.51051779353382,22.287972723734875,23.21686387629196,28.94997329021317
PredictiveDecorrBSS,0,5,8,100000,sparse,24.604829045794805,30.0,30.016706673007256,17.306703489997744,25.238906699412937,24.70872876364261,22.44091958534623,24.19614610347994,28.4542455175832
PredictiveDecorrBSS,0,5,9,100000,sparse,25.57345157584446,30.0,30.002367523410673,17.28205759300181,26.096107169170878,24.926660826122543,24.01832695253915,26.397948433485006,27.153303776707865
PredictiveDecorrBSS,0,5,10,100000,sparse,26.391322821478536,30.0,29.99412146928069,17.41138322000188,27.43330819277417,25.614558401569756,26.483116977314964,26.685220079176464,25.95576560125671
PredictiveDecorrBSS,0,5,11,100000,sparse,26.42945001405872,30.0,30.006164614049467,17.395006607999676,27.62318414636802,25.588985655142817,26.60578070807855,26.697292380757148,25.905329805483333
